[{"DocumentKeywordVectors":[{"TotalDocumentLength":1239,"PageCount":1,"FirstPageVector":{"VectorId":"OandoInvoices.FinanceDepartment.Invoice_1.FirstPage","DocumentCount":1,"TermsWithScores":[{"Score":0.94,"Term":"bupa","LastUpdated":"2022-09-04T19:16:12.7521935+01:00"},{"Score":0.88,"Term":"premium","LastUpdated":"2022-09-04T19:16:12.7521935+01:00"},{"Score":0.85,"Term":"medical","LastUpdated":"2022-09-04T19:16:12.7521935+01:00"},{"Score":0.85,"Term":"cover","LastUpdated":"2022-09-04T19:16:12.7521935+01:00"},{"Score":0.82,"Term":"global","LastUpdated":"2022-09-04T19:16:12.7521935+01:00"},{"Score":0.79,"Term":"total","LastUpdated":"2022-09-04T19:16:12.7521935+01:00"},{"Score":0.73,"Term":"terms","LastUpdated":"2022-09-04T19:16:12.7521935+01:00"},{"Score":0.7,"Term":"scheme","LastUpdated":"2022-09-04T19:16:12.7521935+01:00"},{"Score":0.7,"Term":"benefit","LastUpdated":"2022-09-04T19:16:12.7521935+01:00"},{"Score":0.69,"Term":"months","LastUpdated":"2022-09-04T19:16:12.7521935+01:00"},{"Score":0.69,"Term":"period","LastUpdated":"2022-09-04T19:16:12.7521935+01:00"},{"Score":0.67,"Term":"sum","LastUpdated":"2022-09-04T19:16:12.7521935+01:00"},{"Score":0.64,"Term":"schedule","LastUpdated":"2022-09-04T19:16:12.7521935+01:00"},{"Score":0.64,"Term":"level","LastUpdated":"2022-09-04T19:16:12.7521935+01:00"},{"Score":0.63,"Term":"gold","LastUpdated":"2022-09-04T19:16:12.7521935+01:00"},{"Score":0.63,"Term":"underwriting","LastUpdated":"2022-09-04T19:16:12.7521935+01:00"},{"Score":0.62,"Term":"note","LastUpdated":"2022-09-04T19:16:12.7521935+01:00"},{"Score":0.61,"Term":"disregarded","LastUpdated":"2022-09-04T19:16:12.7521935+01:00"},{"Score":0.61,"Term":"history","LastUpdated":"2022-09-04T19:16:12.7521935+01:00"},{"Score":0.6,"Term":"disregard","LastUpdated":"2022-09-04T19:16:12.7521935+01:00"},{"Score":0.59,"Term":"applicants","LastUpdated":"2022-09-04T19:16:12.7521935+01:00"},{"Score":0.58,"Term":"histories","LastUpdated":"2022-09-04T19:16:12.7521935+01:00"},{"Score":0.57,"Term":"bank","LastUpdated":"2022-09-04T19:16:12.7521935+01:00"},{"Score":0.56,"Term":"current","LastUpdated":"2022-09-04T19:16:12.7521935+01:00"},{"Score":0.56,"Term":"conditions","LastUpdated":"2022-09-04T19:16:12.7521935+01:00"},{"Score":0.52,"Term":"superior","LastUpdated":"2022-09-04T19:16:12.7521935+01:00"},{"Score":0.5,"Term":"indicative","LastUpdated":"2022-09-04T19:16:12.7521935+01:00"},{"Score":0.5,"Term":"quote","LastUpdated":"2022-09-04T19:16:12.7521935+01:00"},{"Score":0.49,"Term":"confirmation","LastUpdated":"2022-09-04T19:16:12.7521935+01:00"},{"Score":0.49,"Term":"subject","LastUpdated":"2022-09-04T19:16:12.7521935+01:00"},{"Score":0.48,"Term":"actual","LastUpdated":"2022-09-04T19:16:12.7521935+01:00"},{"Score":0.48,"Term":"account","LastUpdated":"2022-09-04T19:16:12.7521935+01:00"},{"Score":0.48,"Term":"subscriptions","LastUpdated":"2022-09-04T19:16:12.7521935+01:00"},{"Score":0.47,"Term":"birth","LastUpdated":"2022-09-04T19:16:12.7521935+01:00"},{"Score":0.47,"Term":"dates","LastUpdated":"2022-09-04T19:16:12.7521935+01:00"},{"Score":0.46,"Term":"premiums","LastUpdated":"2022-09-04T19:16:12.7521935+01:00"},{"Score":0.45,"Term":"usd","LastUpdated":"2022-09-04T19:16:12.7521935+01:00"},{"Score":0.45,"Term":"quoted","LastUpdated":"2022-09-04T19:16:12.7521935+01:00"},{"Score":0.44,"Term":"payable","LastUpdated":"2022-09-04T19:16:12.7521935+01:00"},{"Score":0.43,"Term":"annum","LastUpdated":"2022-09-04T19:16:12.7521935+01:00"},{"Score":0.43,"Term":"advance","LastUpdated":"2022-09-04T19:16:12.7521935+01:00"},{"Score":0.42,"Term":"excluding","LastUpdated":"2022-09-04T19:16:12.7521935+01:00"},{"Score":0.42,"Term":"worldwide","LastUpdated":"2022-09-04T19:16:12.7521935+01:00"},{"Score":0.41,"Term":"usa","LastUpdated":"2022-09-04T19:16:12.7521935+01:00"},{"Score":0.4,"Term":"mining","LastUpdated":"2022-09-04T19:16:12.7521935+01:00"},{"Score":0.4,"Term":"energy","LastUpdated":"2022-09-04T19:16:12.7521935+01:00"},{"Score":0.39,"Term":"insurance","LastUpdated":"2022-09-04T19:16:12.7521935+01:00"},{"Score":0.39,"Term":"health","LastUpdated":"2022-09-04T19:16:12.7521935+01:00"},{"Score":0.39,"Term":"forum","LastUpdated":"2022-09-04T19:16:12.7521935+01:00"},{"Score":0.38,"Term":"renewal","LastUpdated":"2022-09-04T19:16:12.7521935+01:00"},{"Score":0.38,"Term":"plan","LastUpdated":"2022-09-04T19:16:12.7521935+01:00"},{"Score":0.35,"Term":"june","LastUpdated":"2022-09-04T19:16:12.7521935+01:00"},{"Score":0.32,"Term":"status","LastUpdated":"2022-09-04T19:16:12.7521935+01:00"},{"Score":0.31,"Term":"mobolaji","LastUpdated":"2022-09-04T19:16:12.7521935+01:00"},{"Score":0.31,"Term":"ogunlende","LastUpdated":"2022-09-04T19:16:12.7521935+01:00"},{"Score":0.3,"Term":"applicant","LastUpdated":"2022-09-04T19:16:12.7521935+01:00"},{"Score":0.3,"Term":"dob","LastUpdated":"2022-09-04T19:16:12.7521935+01:00"},{"Score":0.28,"Term":"transfer","LastUpdated":"2022-09-04T19:16:12.7521935+01:00"},{"Score":0.27,"Term":"dollars","LastUpdated":"2022-09-04T19:16:12.7521935+01:00"},{"Score":0.25,"Term":"quotting","LastUpdated":"2022-09-04T19:16:12.7521935+01:00"},{"Score":0.23,"Term":"beneficiary","LastUpdated":"2022-09-04T19:16:12.7521935+01:00"},{"Score":0.22,"Term":"hsbc","LastUpdated":"2022-09-04T19:16:12.7521935+01:00"},{"Score":0.21,"Term":"plc","LastUpdated":"2022-09-04T19:16:12.7521935+01:00"},{"Score":0.18,"Term":"sort","LastUpdated":"2022-09-04T19:16:12.7521935+01:00"},{"Score":0.18,"Term":"code","LastUpdated":"2022-09-04T19:16:12.7521935+01:00"},{"Score":0.17,"Term":"swift","LastUpdated":"2022-09-04T19:16:12.7521935+01:00"},{"Score":0.16,"Term":"iban","LastUpdated":"2022-09-04T19:16:12.7521935+01:00"},{"Score":0.15,"Term":"bic","LastUpdated":"2022-09-04T19:16:12.7521935+01:00"},{"Score":0.13,"Term":"inv","LastUpdated":"2022-09-04T19:16:12.7521935+01:00"},{"Score":0.1,"Term":"oando","LastUpdated":"2022-09-04T19:16:12.7521935+01:00"},{"Score":0.08,"Term":"company","LastUpdated":"2022-09-04T19:16:12.7521935+01:00"},{"Score":0.07,"Term":"location","LastUpdated":"2022-09-04T19:16:12.7521935+01:00"},{"Score":0.07,"Term":"age","LastUpdated":"2022-09-04T19:16:12.7521935+01:00"},{"Score":0.06,"Term":"nigeria","LastUpdated":"2022-09-04T19:16:12.7521935+01:00"}]},"ParentVectorId":"OandoInvoices.FinanceDepartment.Invoice","VectorId":"OandoInvoices.FinanceDepartment.Invoice_1","DocumentCount":1,"TermsWithScores":[{"Score":0.94,"Term":"bupa","LastUpdated":"2022-09-04T19:16:12.7521935+01:00"},{"Score":0.88,"Term":"premium","LastUpdated":"2022-09-04T19:16:12.7521935+01:00"},{"Score":0.85,"Term":"medical","LastUpdated":"2022-09-04T19:16:12.7521935+01:00"},{"Score":0.85,"Term":"cover","LastUpdated":"2022-09-04T19:16:12.7521935+01:00"},{"Score":0.82,"Term":"global","LastUpdated":"2022-09-04T19:16:12.7521935+01:00"},{"Score":0.79,"Term":"total","LastUpdated":"2022-09-04T19:16:12.7521935+01:00"},{"Score":0.73,"Term":"terms","LastUpdated":"2022-09-04T19:16:12.7521935+01:00"},{"Score":0.7,"Term":"scheme","LastUpdated":"2022-09-04T19:16:12.7521935+01:00"},{"Score":0.7,"Term":"benefit","LastUpdated":"2022-09-04T19:16:12.7521935+01:00"},{"Score":0.69,"Term":"months","LastUpdated":"2022-09-04T19:16:12.7521935+01:00"},{"Score":0.69,"Term":"period","LastUpdated":"2022-09-04T19:16:12.7521935+01:00"},{"Score":0.67,"Term":"sum","LastUpdated":"2022-09-04T19:16:12.7521935+01:00"},{"Score":0.64,"Term":"schedule","LastUpdated":"2022-09-04T19:16:12.7521935+01:00"},{"Score":0.64,"Term":"level","LastUpdated":"2022-09-04T19:16:12.7521935+01:00"},{"Score":0.63,"Term":"gold","LastUpdated":"2022-09-04T19:16:12.7521935+01:00"},{"Score":0.63,"Term":"underwriting","LastUpdated":"2022-09-04T19:16:12.7521935+01:00"},{"Score":0.62,"Term":"note","LastUpdated":"2022-09-04T19:16:12.7521935+01:00"},{"Score":0.61,"Term":"disregarded","LastUpdated":"2022-09-04T19:16:12.7521935+01:00"},{"Score":0.61,"Term":"history","LastUpdated":"2022-09-04T19:16:12.7521935+01:00"},{"Score":0.6,"Term":"disregard","LastUpdated":"2022-09-04T19:16:12.7521935+01:00"},{"Score":0.59,"Term":"applicants","LastUpdated":"2022-09-04T19:16:12.7521935+01:00"},{"Score":0.58,"Term":"histories","LastUpdated":"2022-09-04T19:16:12.7521935+01:00"},{"Score":0.57,"Term":"bank","LastUpdated":"2022-09-04T19:16:12.7521935+01:00"},{"Score":0.56,"Term":"current","LastUpdated":"2022-09-04T19:16:12.7521935+01:00"},{"Score":0.56,"Term":"conditions","LastUpdated":"2022-09-04T19:16:12.7521935+01:00"},{"Score":0.52,"Term":"superior","LastUpdated":"2022-09-04T19:16:12.7521935+01:00"},{"Score":0.5,"Term":"indicative","LastUpdated":"2022-09-04T19:16:12.7521935+01:00"},{"Score":0.5,"Term":"quote","LastUpdated":"2022-09-04T19:16:12.7521935+01:00"},{"Score":0.49,"Term":"confirmation","LastUpdated":"2022-09-04T19:16:12.7521935+01:00"},{"Score":0.49,"Term":"subject","LastUpdated":"2022-09-04T19:16:12.7521935+01:00"},{"Score":0.48,"Term":"actual","LastUpdated":"2022-09-04T19:16:12.7521935+01:00"},{"Score":0.48,"Term":"account","LastUpdated":"2022-09-04T19:16:12.7521935+01:00"},{"Score":0.48,"Term":"subscriptions","LastUpdated":"2022-09-04T19:16:12.7521935+01:00"},{"Score":0.47,"Term":"birth","LastUpdated":"2022-09-04T19:16:12.7521935+01:00"},{"Score":0.47,"Term":"dates","LastUpdated":"2022-09-04T19:16:12.7521935+01:00"},{"Score":0.46,"Term":"premiums","LastUpdated":"2022-09-04T19:16:12.7521935+01:00"},{"Score":0.45,"Term":"usd","LastUpdated":"2022-09-04T19:16:12.7521935+01:00"},{"Score":0.45,"Term":"quoted","LastUpdated":"2022-09-04T19:16:12.7521935+01:00"},{"Score":0.44,"Term":"payable","LastUpdated":"2022-09-04T19:16:12.7521935+01:00"},{"Score":0.43,"Term":"annum","LastUpdated":"2022-09-04T19:16:12.7521935+01:00"},{"Score":0.43,"Term":"advance","LastUpdated":"2022-09-04T19:16:12.7521935+01:00"},{"Score":0.42,"Term":"excluding","LastUpdated":"2022-09-04T19:16:12.7521935+01:00"},{"Score":0.42,"Term":"worldwide","LastUpdated":"2022-09-04T19:16:12.7521935+01:00"},{"Score":0.41,"Term":"usa","LastUpdated":"2022-09-04T19:16:12.7521935+01:00"},{"Score":0.4,"Term":"mining","LastUpdated":"2022-09-04T19:16:12.7521935+01:00"},{"Score":0.4,"Term":"energy","LastUpdated":"2022-09-04T19:16:12.7521935+01:00"},{"Score":0.39,"Term":"insurance","LastUpdated":"2022-09-04T19:16:12.7521935+01:00"},{"Score":0.39,"Term":"health","LastUpdated":"2022-09-04T19:16:12.7521935+01:00"},{"Score":0.39,"Term":"forum","LastUpdated":"2022-09-04T19:16:12.7521935+01:00"},{"Score":0.38,"Term":"renewal","LastUpdated":"2022-09-04T19:16:12.7521935+01:00"},{"Score":0.38,"Term":"plan","LastUpdated":"2022-09-04T19:16:12.7521935+01:00"},{"Score":0.35,"Term":"june","LastUpdated":"2022-09-04T19:16:12.7521935+01:00"},{"Score":0.32,"Term":"status","LastUpdated":"2022-09-04T19:16:12.7521935+01:00"},{"Score":0.31,"Term":"mobolaji","LastUpdated":"2022-09-04T19:16:12.7521935+01:00"},{"Score":0.31,"Term":"ogunlende","LastUpdated":"2022-09-04T19:16:12.7521935+01:00"},{"Score":0.3,"Term":"applicant","LastUpdated":"2022-09-04T19:16:12.7521935+01:00"},{"Score":0.3,"Term":"dob","LastUpdated":"2022-09-04T19:16:12.7521935+01:00"},{"Score":0.28,"Term":"transfer","LastUpdated":"2022-09-04T19:16:12.7521935+01:00"},{"Score":0.27,"Term":"dollars","LastUpdated":"2022-09-04T19:16:12.7521935+01:00"},{"Score":0.25,"Term":"quotting","LastUpdated":"2022-09-04T19:16:12.7521935+01:00"},{"Score":0.23,"Term":"beneficiary","LastUpdated":"2022-09-04T19:16:12.7521935+01:00"},{"Score":0.22,"Term":"hsbc","LastUpdated":"2022-09-04T19:16:12.7521935+01:00"},{"Score":0.21,"Term":"plc","LastUpdated":"2022-09-04T19:16:12.7521935+01:00"},{"Score":0.18,"Term":"sort","LastUpdated":"2022-09-04T19:16:12.7521935+01:00"},{"Score":0.18,"Term":"code","LastUpdated":"2022-09-04T19:16:12.7521935+01:00"},{"Score":0.17,"Term":"swift","LastUpdated":"2022-09-04T19:16:12.7521935+01:00"},{"Score":0.16,"Term":"iban","LastUpdated":"2022-09-04T19:16:12.7521935+01:00"},{"Score":0.15,"Term":"bic","LastUpdated":"2022-09-04T19:16:12.7521935+01:00"},{"Score":0.13,"Term":"inv","LastUpdated":"2022-09-04T19:16:12.7521935+01:00"},{"Score":0.1,"Term":"oando","LastUpdated":"2022-09-04T19:16:12.7521935+01:00"},{"Score":0.08,"Term":"company","LastUpdated":"2022-09-04T19:16:12.7521935+01:00"},{"Score":0.07,"Term":"location","LastUpdated":"2022-09-04T19:16:12.7521935+01:00"},{"Score":0.07,"Term":"age","LastUpdated":"2022-09-04T19:16:12.7521935+01:00"},{"Score":0.06,"Term":"nigeria","LastUpdated":"2022-09-04T19:16:12.7521935+01:00"}]}],"TotalDocumentLength":1239,"PageCount":1,"FirstPageVector":{"VectorId":"OandoInvoices.FinanceDepartment.Invoice.FirstPage","DocumentCount":1,"TermsWithScores":[{"Score":0.94,"Term":"bupa","LastUpdated":"2022-09-04T19:16:12.7331884+01:00"},{"Score":0.88,"Term":"premium","LastUpdated":"2022-09-04T19:16:12.7331884+01:00"},{"Score":0.85,"Term":"medical","LastUpdated":"2022-09-04T19:16:12.7331884+01:00"},{"Score":0.85,"Term":"cover","LastUpdated":"2022-09-04T19:16:12.7331884+01:00"},{"Score":0.82,"Term":"global","LastUpdated":"2022-09-04T19:16:12.7331884+01:00"},{"Score":0.79,"Term":"total","LastUpdated":"2022-09-04T19:16:12.7331884+01:00"},{"Score":0.73,"Term":"terms","LastUpdated":"2022-09-04T19:16:12.7331884+01:00"},{"Score":0.7,"Term":"scheme","LastUpdated":"2022-09-04T19:16:12.7331884+01:00"},{"Score":0.7,"Term":"benefit","LastUpdated":"2022-09-04T19:16:12.7331884+01:00"},{"Score":0.69,"Term":"months","LastUpdated":"2022-09-04T19:16:12.7331884+01:00"},{"Score":0.69,"Term":"period","LastUpdated":"2022-09-04T19:16:12.7331884+01:00"},{"Score":0.67,"Term":"sum","LastUpdated":"2022-09-04T19:16:12.7331884+01:00"},{"Score":0.64,"Term":"schedule","LastUpdated":"2022-09-04T19:16:12.7331884+01:00"},{"Score":0.64,"Term":"level","LastUpdated":"2022-09-04T19:16:12.7331884+01:00"},{"Score":0.63,"Term":"gold","LastUpdated":"2022-09-04T19:16:12.7331884+01:00"},{"Score":0.63,"Term":"underwriting","LastUpdated":"2022-09-04T19:16:12.7331884+01:00"},{"Score":0.62,"Term":"note","LastUpdated":"2022-09-04T19:16:12.7331884+01:00"},{"Score":0.61,"Term":"disregarded","LastUpdated":"2022-09-04T19:16:12.7331884+01:00"},{"Score":0.61,"Term":"history","LastUpdated":"2022-09-04T19:16:12.7331884+01:00"},{"Score":0.6,"Term":"disregard","LastUpdated":"2022-09-04T19:16:12.7331884+01:00"},{"Score":0.59,"Term":"applicants","LastUpdated":"2022-09-04T19:16:12.7331884+01:00"},{"Score":0.58,"Term":"histories","LastUpdated":"2022-09-04T19:16:12.7331884+01:00"},{"Score":0.57,"Term":"bank","LastUpdated":"2022-09-04T19:16:12.7331884+01:00"},{"Score":0.56,"Term":"current","LastUpdated":"2022-09-04T19:16:12.7331884+01:00"},{"Score":0.56,"Term":"conditions","LastUpdated":"2022-09-04T19:16:12.7331884+01:00"},{"Score":0.52,"Term":"superior","LastUpdated":"2022-09-04T19:16:12.7331884+01:00"},{"Score":0.5,"Term":"indicative","LastUpdated":"2022-09-04T19:16:12.7331884+01:00"},{"Score":0.5,"Term":"quote","LastUpdated":"2022-09-04T19:16:12.7331884+01:00"},{"Score":0.49,"Term":"confirmation","LastUpdated":"2022-09-04T19:16:12.7331884+01:00"},{"Score":0.49,"Term":"subject","LastUpdated":"2022-09-04T19:16:12.7331884+01:00"},{"Score":0.48,"Term":"actual","LastUpdated":"2022-09-04T19:16:12.7331884+01:00"},{"Score":0.48,"Term":"account","LastUpdated":"2022-09-04T19:16:12.7331884+01:00"},{"Score":0.48,"Term":"subscriptions","LastUpdated":"2022-09-04T19:16:12.7331884+01:00"},{"Score":0.47,"Term":"birth","LastUpdated":"2022-09-04T19:16:12.7331884+01:00"},{"Score":0.47,"Term":"dates","LastUpdated":"2022-09-04T19:16:12.7331884+01:00"},{"Score":0.46,"Term":"premiums","LastUpdated":"2022-09-04T19:16:12.7331884+01:00"},{"Score":0.45,"Term":"usd","LastUpdated":"2022-09-04T19:16:12.7331884+01:00"},{"Score":0.45,"Term":"quoted","LastUpdated":"2022-09-04T19:16:12.7331884+01:00"},{"Score":0.44,"Term":"payable","LastUpdated":"2022-09-04T19:16:12.7331884+01:00"},{"Score":0.43,"Term":"annum","LastUpdated":"2022-09-04T19:16:12.7331884+01:00"},{"Score":0.43,"Term":"advance","LastUpdated":"2022-09-04T19:16:12.7331884+01:00"},{"Score":0.42,"Term":"excluding","LastUpdated":"2022-09-04T19:16:12.7331884+01:00"},{"Score":0.42,"Term":"worldwide","LastUpdated":"2022-09-04T19:16:12.7331884+01:00"},{"Score":0.41,"Term":"usa","LastUpdated":"2022-09-04T19:16:12.7331884+01:00"},{"Score":0.4,"Term":"mining","LastUpdated":"2022-09-04T19:16:12.7331884+01:00"},{"Score":0.4,"Term":"energy","LastUpdated":"2022-09-04T19:16:12.7331884+01:00"},{"Score":0.39,"Term":"insurance","LastUpdated":"2022-09-04T19:16:12.7331884+01:00"},{"Score":0.39,"Term":"health","LastUpdated":"2022-09-04T19:16:12.7331884+01:00"},{"Score":0.39,"Term":"forum","LastUpdated":"2022-09-04T19:16:12.7331884+01:00"},{"Score":0.38,"Term":"renewal","LastUpdated":"2022-09-04T19:16:12.7331884+01:00"},{"Score":0.38,"Term":"plan","LastUpdated":"2022-09-04T19:16:12.7331884+01:00"},{"Score":0.35,"Term":"june","LastUpdated":"2022-09-04T19:16:12.7331884+01:00"},{"Score":0.32,"Term":"status","LastUpdated":"2022-09-04T19:16:12.7331884+01:00"},{"Score":0.31,"Term":"mobolaji","LastUpdated":"2022-09-04T19:16:12.7331884+01:00"},{"Score":0.31,"Term":"ogunlende","LastUpdated":"2022-09-04T19:16:12.7331884+01:00"},{"Score":0.3,"Term":"applicant","LastUpdated":"2022-09-04T19:16:12.7331884+01:00"},{"Score":0.3,"Term":"dob","LastUpdated":"2022-09-04T19:16:12.7331884+01:00"},{"Score":0.28,"Term":"transfer","LastUpdated":"2022-09-04T19:16:12.7331884+01:00"},{"Score":0.27,"Term":"dollars","LastUpdated":"2022-09-04T19:16:12.7331884+01:00"},{"Score":0.25,"Term":"quotting","LastUpdated":"2022-09-04T19:16:12.7331884+01:00"},{"Score":0.23,"Term":"beneficiary","LastUpdated":"2022-09-04T19:16:12.7331884+01:00"},{"Score":0.22,"Term":"hsbc","LastUpdated":"2022-09-04T19:16:12.7331884+01:00"},{"Score":0.21,"Term":"plc","LastUpdated":"2022-09-04T19:16:12.7331884+01:00"},{"Score":0.18,"Term":"sort","LastUpdated":"2022-09-04T19:16:12.7331884+01:00"},{"Score":0.18,"Term":"code","LastUpdated":"2022-09-04T19:16:12.7331884+01:00"},{"Score":0.17,"Term":"swift","LastUpdated":"2022-09-04T19:16:12.7331884+01:00"},{"Score":0.16,"Term":"iban","LastUpdated":"2022-09-04T19:16:12.7331884+01:00"},{"Score":0.15,"Term":"bic","LastUpdated":"2022-09-04T19:16:12.7331884+01:00"},{"Score":0.13,"Term":"inv","LastUpdated":"2022-09-04T19:16:12.7331884+01:00"},{"Score":0.1,"Term":"oando","LastUpdated":"2022-09-04T19:16:12.7331884+01:00"},{"Score":0.08,"Term":"company","LastUpdated":"2022-09-04T19:16:12.7331884+01:00"},{"Score":0.07,"Term":"location","LastUpdated":"2022-09-04T19:16:12.7331884+01:00"},{"Score":0.07,"Term":"age","LastUpdated":"2022-09-04T19:16:12.7331884+01:00"},{"Score":0.06,"Term":"nigeria","LastUpdated":"2022-09-04T19:16:12.7331884+01:00"}]},"ParentVectorId":null,"VectorId":"OandoInvoices.FinanceDepartment.Invoice","DocumentCount":1,"TermsWithScores":[{"Score":0.94,"Term":"bupa","LastUpdated":"2022-09-04T19:16:12.7511928+01:00"},{"Score":0.88,"Term":"premium","LastUpdated":"2022-09-04T19:16:12.7511928+01:00"},{"Score":0.85,"Term":"medical","LastUpdated":"2022-09-04T19:16:12.7511928+01:00"},{"Score":0.85,"Term":"cover","LastUpdated":"2022-09-04T19:16:12.7511928+01:00"},{"Score":0.82,"Term":"global","LastUpdated":"2022-09-04T19:16:12.7511928+01:00"},{"Score":0.79,"Term":"total","LastUpdated":"2022-09-04T19:16:12.7511928+01:00"},{"Score":0.73,"Term":"terms","LastUpdated":"2022-09-04T19:16:12.7511928+01:00"},{"Score":0.7,"Term":"scheme","LastUpdated":"2022-09-04T19:16:12.7511928+01:00"},{"Score":0.7,"Term":"benefit","LastUpdated":"2022-09-04T19:16:12.7511928+01:00"},{"Score":0.69,"Term":"months","LastUpdated":"2022-09-04T19:16:12.7511928+01:00"},{"Score":0.69,"Term":"period","LastUpdated":"2022-09-04T19:16:12.7511928+01:00"},{"Score":0.67,"Term":"sum","LastUpdated":"2022-09-04T19:16:12.7511928+01:00"},{"Score":0.64,"Term":"schedule","LastUpdated":"2022-09-04T19:16:12.7511928+01:00"},{"Score":0.64,"Term":"level","LastUpdated":"2022-09-04T19:16:12.7511928+01:00"},{"Score":0.63,"Term":"gold","LastUpdated":"2022-09-04T19:16:12.7511928+01:00"},{"Score":0.63,"Term":"underwriting","LastUpdated":"2022-09-04T19:16:12.7511928+01:00"},{"Score":0.62,"Term":"note","LastUpdated":"2022-09-04T19:16:12.7511928+01:00"},{"Score":0.61,"Term":"disregarded","LastUpdated":"2022-09-04T19:16:12.7511928+01:00"},{"Score":0.61,"Term":"history","LastUpdated":"2022-09-04T19:16:12.7511928+01:00"},{"Score":0.6,"Term":"disregard","LastUpdated":"2022-09-04T19:16:12.7511928+01:00"},{"Score":0.59,"Term":"applicants","LastUpdated":"2022-09-04T19:16:12.7511928+01:00"},{"Score":0.58,"Term":"histories","LastUpdated":"2022-09-04T19:16:12.7511928+01:00"},{"Score":0.57,"Term":"bank","LastUpdated":"2022-09-04T19:16:12.7511928+01:00"},{"Score":0.56,"Term":"current","LastUpdated":"2022-09-04T19:16:12.7511928+01:00"},{"Score":0.56,"Term":"conditions","LastUpdated":"2022-09-04T19:16:12.7511928+01:00"},{"Score":0.52,"Term":"superior","LastUpdated":"2022-09-04T19:16:12.7511928+01:00"},{"Score":0.5,"Term":"indicative","LastUpdated":"2022-09-04T19:16:12.7511928+01:00"},{"Score":0.5,"Term":"quote","LastUpdated":"2022-09-04T19:16:12.7511928+01:00"},{"Score":0.49,"Term":"confirmation","LastUpdated":"2022-09-04T19:16:12.7511928+01:00"},{"Score":0.49,"Term":"subject","LastUpdated":"2022-09-04T19:16:12.7511928+01:00"},{"Score":0.48,"Term":"actual","LastUpdated":"2022-09-04T19:16:12.7511928+01:00"},{"Score":0.48,"Term":"account","LastUpdated":"2022-09-04T19:16:12.7511928+01:00"},{"Score":0.48,"Term":"subscriptions","LastUpdated":"2022-09-04T19:16:12.7511928+01:00"},{"Score":0.47,"Term":"birth","LastUpdated":"2022-09-04T19:16:12.7511928+01:00"},{"Score":0.47,"Term":"dates","LastUpdated":"2022-09-04T19:16:12.7511928+01:00"},{"Score":0.46,"Term":"premiums","LastUpdated":"2022-09-04T19:16:12.7511928+01:00"},{"Score":0.45,"Term":"usd","LastUpdated":"2022-09-04T19:16:12.7511928+01:00"},{"Score":0.45,"Term":"quoted","LastUpdated":"2022-09-04T19:16:12.7511928+01:00"},{"Score":0.44,"Term":"payable","LastUpdated":"2022-09-04T19:16:12.7511928+01:00"},{"Score":0.43,"Term":"annum","LastUpdated":"2022-09-04T19:16:12.7511928+01:00"},{"Score":0.43,"Term":"advance","LastUpdated":"2022-09-04T19:16:12.7511928+01:00"},{"Score":0.42,"Term":"excluding","LastUpdated":"2022-09-04T19:16:12.7511928+01:00"},{"Score":0.42,"Term":"worldwide","LastUpdated":"2022-09-04T19:16:12.7511928+01:00"},{"Score":0.41,"Term":"usa","LastUpdated":"2022-09-04T19:16:12.7511928+01:00"},{"Score":0.4,"Term":"mining","LastUpdated":"2022-09-04T19:16:12.7511928+01:00"},{"Score":0.4,"Term":"energy","LastUpdated":"2022-09-04T19:16:12.7511928+01:00"},{"Score":0.39,"Term":"insurance","LastUpdated":"2022-09-04T19:16:12.7511928+01:00"},{"Score":0.39,"Term":"health","LastUpdated":"2022-09-04T19:16:12.7511928+01:00"},{"Score":0.39,"Term":"forum","LastUpdated":"2022-09-04T19:16:12.7511928+01:00"},{"Score":0.38,"Term":"renewal","LastUpdated":"2022-09-04T19:16:12.7511928+01:00"},{"Score":0.38,"Term":"plan","LastUpdated":"2022-09-04T19:16:12.7511928+01:00"},{"Score":0.35,"Term":"june","LastUpdated":"2022-09-04T19:16:12.7511928+01:00"},{"Score":0.32,"Term":"status","LastUpdated":"2022-09-04T19:16:12.7511928+01:00"},{"Score":0.31,"Term":"mobolaji","LastUpdated":"2022-09-04T19:16:12.7511928+01:00"},{"Score":0.31,"Term":"ogunlende","LastUpdated":"2022-09-04T19:16:12.7511928+01:00"},{"Score":0.3,"Term":"applicant","LastUpdated":"2022-09-04T19:16:12.7511928+01:00"},{"Score":0.3,"Term":"dob","LastUpdated":"2022-09-04T19:16:12.7511928+01:00"},{"Score":0.28,"Term":"transfer","LastUpdated":"2022-09-04T19:16:12.7511928+01:00"},{"Score":0.27,"Term":"dollars","LastUpdated":"2022-09-04T19:16:12.7511928+01:00"},{"Score":0.25,"Term":"quotting","LastUpdated":"2022-09-04T19:16:12.7511928+01:00"},{"Score":0.23,"Term":"beneficiary","LastUpdated":"2022-09-04T19:16:12.7511928+01:00"},{"Score":0.22,"Term":"hsbc","LastUpdated":"2022-09-04T19:16:12.7511928+01:00"},{"Score":0.21,"Term":"plc","LastUpdated":"2022-09-04T19:16:12.7511928+01:00"},{"Score":0.18,"Term":"sort","LastUpdated":"2022-09-04T19:16:12.7511928+01:00"},{"Score":0.18,"Term":"code","LastUpdated":"2022-09-04T19:16:12.7511928+01:00"},{"Score":0.17,"Term":"swift","LastUpdated":"2022-09-04T19:16:12.7511928+01:00"},{"Score":0.16,"Term":"iban","LastUpdated":"2022-09-04T19:16:12.7511928+01:00"},{"Score":0.15,"Term":"bic","LastUpdated":"2022-09-04T19:16:12.7511928+01:00"},{"Score":0.13,"Term":"inv","LastUpdated":"2022-09-04T19:16:12.7511928+01:00"},{"Score":0.1,"Term":"oando","LastUpdated":"2022-09-04T19:16:12.7511928+01:00"},{"Score":0.08,"Term":"company","LastUpdated":"2022-09-04T19:16:12.7511928+01:00"},{"Score":0.07,"Term":"location","LastUpdated":"2022-09-04T19:16:12.7511928+01:00"},{"Score":0.07,"Term":"age","LastUpdated":"2022-09-04T19:16:12.7511928+01:00"},{"Score":0.06,"Term":"nigeria","LastUpdated":"2022-09-04T19:16:12.7511928+01:00"}]}]
