{"DocumentId":"20220928011106","ContentType":"application/pdf","Length":654,"Pages":[{"PageIndex":0,"Size":[0.0,0.0,612.0,792.0],"Sections":[{"IndexInText":0,"Language":"eng","Length":14,"Rotation":"None","SkewAngle":0.0,"Type":"Paragraph","WordGroups":[{"IndexInText":0,"Length":14,"Type":"Heading","Words":[{"Box":[114.83,41.76,49.8896,9.5417],"Polygon":[41.76,114.83,91.6496,114.83,91.6496,124.3717,41.76,124.3717],"IndexInText":0,"OcrConfidence":1.0,"Text":"Company","VisualLineNumber":1},{"Box":[114.83,94.8468,34.0134,9.5417],"Polygon":[94.8468,114.83,128.8602,114.83,128.8602,124.3717,94.8468,124.3717],"IndexInText":8,"OcrConfidence":1.0,"Text":"Slogan","VisualLineNumber":1}]}]},{"IndexInText":16,"Language":"eng","Length":7,"Rotation":"None","SkewAngle":0.0,"Type":"Paragraph","WordGroups":[{"IndexInText":16,"Length":7,"Type":"Other","Words":[{"Box":[343.22,45.48,17.1511,9.5417],"Polygon":[45.48,343.22,62.6311,343.22,62.6311,352.7617,45.48,352.7617],"IndexInText":16,"OcrConfidence":1.0,"Text":"Qty","VisualLineNumber":11},{"Box":[367.94,51.84,4.4542,7.7023],"Polygon":[51.84,367.94,56.2942,367.94,56.2942,375.6423,51.84,375.6423],"IndexInText":20,"OcrConfidence":1.0,"Text":"1","VisualLineNumber":13},{"Box":[398.06,51.84,4.4542,7.7023],"Polygon":[51.84,398.06,56.2942,398.06,56.2942,405.7623,51.84,405.7623],"IndexInText":22,"OcrConfidence":1.0,"Text":"2","VisualLineNumber":16}]}]},{"IndexInText":25,"Language":"und","Length":3,"Rotation":"None","SkewAngle":0.0,"Type":"Paragraph","WordGroups":[{"IndexInText":25,"Length":3,"Type":"Other","Words":[{"Box":[428.32,51.84,4.4542,7.7023],"Polygon":[51.84,428.32,56.2942,428.32,56.2942,436.0223,51.84,436.0223],"IndexInText":25,"OcrConfidence":1.0,"Text":"3","VisualLineNumber":19},{"Box":[452.44,51.84,4.4542,7.7023],"Polygon":[51.84,452.44,56.2942,452.44,56.2942,460.1423,51.84,460.1423],"IndexInText":27,"OcrConfidence":1.0,"Text":"4","VisualLineNumber":21}]}]},{"IndexInText":30,"Language":"eng","Length":89,"Rotation":"None","SkewAngle":0.0,"Type":"Paragraph","WordGroups":[{"IndexInText":30,"Length":89,"Type":"Other","Words":[{"Box":[201.59,102.38,21.1849,9.5417],"Polygon":[102.38,201.59,123.5649,201.59,123.5649,211.1317,102.38,211.1317],"IndexInText":30,"OcrConfidence":1.0,"Text":"Sold","VisualLineNumber":4},{"Box":[201.59,126.86,10.8146,9.5417],"Polygon":[126.86,201.59,137.6746,201.59,137.6746,211.1317,126.86,211.1317],"IndexInText":35,"OcrConfidence":1.0,"Text":"To","VisualLineNumber":4},{"Box":[203.15,149.18,37.6674,7.7023],"Polygon":[149.18,203.15,186.8474,203.15,186.8474,210.8523,149.18,210.8523],"IndexInText":38,"OcrConfidence":1.0,"Text":"Customer","VisualLineNumber":4},{"Box":[203.15,188.986,24.0557,7.7023],"Polygon":[188.986,203.15,213.0417,203.15,213.0417,210.8523,188.986,210.8523],"IndexInText":47,"OcrConfidence":1.0,"Text":"Name","VisualLineNumber":4},{"Box":[215.15,149.18,39.4442,7.7023],"Polygon":[149.18,215.15,188.6242,215.15,188.6242,222.8523,149.18,222.8523],"IndexInText":52,"OcrConfidence":1.0,"Text":"Company","VisualLineNumber":5},{"Box":[215.15,190.8031,24.0557,7.7023],"Polygon":[190.8031,215.15,214.8588,215.15,214.8588,222.8523,190.8031,222.8523],"IndexInText":60,"OcrConfidence":1.0,"Text":"Name","VisualLineNumber":5},{"Box":[227.15,149.18,22.2708,7.7023],"Polygon":[149.18,227.15,171.4508,227.15,171.4508,234.8523,149.18,234.8523],"IndexInText":65,"OcrConfidence":1.0,"Text":"Street","VisualLineNumber":6},{"Box":[227.15,173.6377,30.7128,7.7023],"Polygon":[173.6377,227.15,204.3505,227.15,204.3505,234.8523,173.6377,234.8523],"IndexInText":72,"OcrConfidence":1.0,"Text":"Address","VisualLineNumber":6},{"Box":[239.15,149.18,17.3262,7.7023],"Polygon":[149.18,239.15,166.5062,239.15,166.5062,246.8523,149.18,246.8523],"IndexInText":80,"OcrConfidence":1.0,"Text":"City,","VisualLineNumber":7},{"Box":[239.15,168.8298,7.2681,7.7023],"Polygon":[168.8298,239.15,176.0979,239.15,176.0979,246.8523,168.8298,246.8523],"IndexInText":86,"OcrConfidence":1.0,"Text":"ST","VisualLineNumber":7},{"Box":[239.15,180.5842,10.3958,7.7023],"Polygon":[180.5842,239.15,190.98,239.15,190.98,246.8523,180.5842,246.8523],"IndexInText":89,"OcrConfidence":1.0,"Text":"ZIP","VisualLineNumber":7},{"Box":[239.15,193.1749,22.3833,7.7023],"Polygon":[193.1749,239.15,215.5582,239.15,215.5582,246.8523,193.1749,246.8523],"IndexInText":93,"OcrConfidence":1.0,"Text":"Code","VisualLineNumber":7},{"Box":[251.18,149.18,25.0126,7.7023],"Polygon":[149.18,251.18,174.1926,251.18,174.1926,258.8823,149.18,258.8823],"IndexInText":98,"OcrConfidence":1.0,"Text":"Phone","VisualLineNumber":8},{"Box":[263.18,149.18,37.6674,7.7023],"Polygon":[149.18,263.18,186.8474,263.18,186.8474,270.8823,149.18,270.8823],"IndexInText":104,"OcrConfidence":1.0,"Text":"Customer","VisualLineNumber":9},{"Box":[263.18,188.986,7.7989,7.7023],"Polygon":[188.986,263.18,196.7849,263.18,196.7849,270.8823,188.986,270.8823],"IndexInText":113,"OcrConfidence":1.0,"Text":"ID","VisualLineNumber":9},{"Box":[263.18,199.01,13.3705,7.7023],"Polygon":[199.01,263.18,212.3805,263.18,212.3805,270.8823,199.01,270.8823],"IndexInText":116,"OcrConfidence":1.0,"Text":"No.","VisualLineNumber":9}]}]},{"IndexInText":121,"Language":"eng","Length":14,"Rotation":"None","SkewAngle":0.0,"Type":"Paragraph","WordGroups":[{"IndexInText":121,"Length":14,"Type":"Heading","Words":[{"Box":[295.7,84.984,42.6786,9.5417],"Polygon":[84.984,295.7,127.6626,295.7,127.6626,305.2417,84.984,305.2417],"IndexInText":121,"OcrConfidence":1.0,"Text":"Payment","VisualLineNumber":10},{"Box":[295.7,130.4514,37.4098,9.5417],"Polygon":[130.4514,295.7,167.8612,295.7,167.8612,305.2417,130.4514,305.2417],"IndexInText":129,"OcrConfidence":1.0,"Text":"Method","VisualLineNumber":10}]}]},{"IndexInText":137,"Language":"fra","Length":11,"Rotation":"None","SkewAngle":0.0,"Type":"Paragraph","WordGroups":[{"IndexInText":137,"Length":11,"Type":"Heading","Words":[{"Box":[343.22,129.38,54.0629,9.5417],"Polygon":[129.38,343.22,183.4429,343.22,183.4429,352.7617,129.38,352.7617],"IndexInText":137,"OcrConfidence":1.0,"Text":"Description","VisualLineNumber":11}]}]},{"IndexInText":150,"Language":"eng","Length":59,"Rotation":"None","SkewAngle":0.0,"Type":"Paragraph","WordGroups":[{"IndexInText":150,"Length":59,"Type":"Other","Words":[{"Box":[360.74,77.184,38.4456,9.96],"Polygon":[77.184,360.74,115.6296,360.74,115.6296,370.7,77.184,370.7],"IndexInText":150,"OcrConfidence":1.0,"Text":"ThinkPad","VisualLineNumber":12},{"Box":[360.74,117.9204,19.0036,9.96],"Polygon":[117.9204,360.74,136.924,360.74,136.924,370.7,117.9204,370.7],"IndexInText":159,"OcrConfidence":1.0,"Text":"T14s","VisualLineNumber":12},{"Box":[360.74,139.175,33.9736,9.96],"Polygon":[139.175,360.74,173.1486,360.74,173.1486,370.7,139.175,370.7],"IndexInText":164,"OcrConfidence":1.0,"Text":"Core™i7","VisualLineNumber":12},{"Box":[360.74,175.3697,22.161,9.96],"Polygon":[175.3697,360.74,197.5307,360.74,197.5307,370.7,175.3697,370.7],"IndexInText":172,"OcrConfidence":1.0,"Text":"16GB","VisualLineNumber":12},{"Box":[360.74,199.8314,20.3582,9.96],"Polygon":[199.8314,360.74,220.1896,360.74,220.1896,370.7,199.8314,370.7],"IndexInText":177,"OcrConfidence":1.0,"Text":"RAM","VisualLineNumber":12},{"Box":[372.98,77.184,27.0813,9.96],"Polygon":[77.184,372.98,104.2653,372.98,104.2653,382.94,77.184,382.94],"IndexInText":181,"OcrConfidence":1.0,"Text":"512GB","VisualLineNumber":14},{"Box":[372.98,106.5461,18.3164,9.96],"Polygon":[106.5461,372.98,124.8625,372.98,124.8625,382.94,106.5461,382.94],"IndexInText":187,"OcrConfidence":1.0,"Text":"SSD,","VisualLineNumber":14},{"Box":[372.98,127.0637,41.7722,9.96],"Polygon":[127.0637,372.98,168.8359,372.98,168.8359,382.94,127.0637,382.94],"IndexInText":192,"OcrConfidence":1.0,"Text":"keyboard,","VisualLineNumber":14},{"Box":[372.98,171.0371,33.8739,9.96],"Polygon":[171.0371,372.98,204.911,372.98,204.911,382.94,171.0371,382.94],"IndexInText":202,"OcrConfidence":1.0,"Text":"Adapter","VisualLineNumber":14}]}]},{"IndexInText":211,"Language":"eng","Length":59,"Rotation":"None","SkewAngle":0.0,"Type":"Paragraph","WordGroups":[{"IndexInText":211,"Length":59,"Type":"Other","Words":[{"Box":[390.98,77.184,38.4456,9.96],"Polygon":[77.184,390.98,115.6296,390.98,115.6296,400.94,77.184,400.94],"IndexInText":211,"OcrConfidence":1.0,"Text":"ThinkPad","VisualLineNumber":15},{"Box":[390.98,117.9204,19.0036,9.96],"Polygon":[117.9204,390.98,136.924,390.98,136.924,400.94,117.9204,400.94],"IndexInText":220,"OcrConfidence":1.0,"Text":"T14s","VisualLineNumber":15},{"Box":[390.98,139.175,33.9736,9.96],"Polygon":[139.175,390.98,173.1486,390.98,173.1486,400.94,139.175,400.94],"IndexInText":225,"OcrConfidence":1.0,"Text":"Core™i7","VisualLineNumber":15},{"Box":[390.98,175.3697,22.161,9.96],"Polygon":[175.3697,390.98,197.5307,390.98,197.5307,400.94,175.3697,400.94],"IndexInText":233,"OcrConfidence":1.0,"Text":"16GB","VisualLineNumber":15},{"Box":[390.98,199.8314,20.3582,9.96],"Polygon":[199.8314,390.98,220.1896,390.98,220.1896,400.94,199.8314,400.94],"IndexInText":238,"OcrConfidence":1.0,"Text":"RAM","VisualLineNumber":15},{"Box":[403.1,77.184,27.0813,9.96],"Polygon":[77.184,403.1,104.2653,403.1,104.2653,413.06,77.184,413.06],"IndexInText":242,"OcrConfidence":1.0,"Text":"512GB","VisualLineNumber":17},{"Box":[403.1,106.5461,18.3164,9.96],"Polygon":[106.5461,403.1,124.8625,403.1,124.8625,413.06,106.5461,413.06],"IndexInText":248,"OcrConfidence":1.0,"Text":"SSD,","VisualLineNumber":17},{"Box":[403.1,127.0637,41.7722,9.96],"Polygon":[127.0637,403.1,168.8359,403.1,168.8359,413.06,127.0637,413.06],"IndexInText":253,"OcrConfidence":1.0,"Text":"keyboard,","VisualLineNumber":17},{"Box":[403.1,171.0371,33.8739,9.96],"Polygon":[171.0371,403.1,204.911,403.1,204.911,413.06,171.0371,413.06],"IndexInText":263,"OcrConfidence":1.0,"Text":"Adapter","VisualLineNumber":17}]}]},{"IndexInText":272,"Language":"eng","Length":59,"Rotation":"None","SkewAngle":0.0,"Type":"Paragraph","WordGroups":[{"IndexInText":272,"Length":59,"Type":"Other","Words":[{"Box":[421.12,77.184,38.4456,9.96],"Polygon":[77.184,421.12,115.6296,421.12,115.6296,431.08,77.184,431.08],"IndexInText":272,"OcrConfidence":1.0,"Text":"ThinkPad","VisualLineNumber":18},{"Box":[421.12,117.9204,19.0036,9.96],"Polygon":[117.9204,421.12,136.924,421.12,136.924,431.08,117.9204,431.08],"IndexInText":281,"OcrConfidence":1.0,"Text":"T14s","VisualLineNumber":18},{"Box":[421.12,139.175,33.9736,9.96],"Polygon":[139.175,421.12,173.1486,421.12,173.1486,431.08,139.175,431.08],"IndexInText":286,"OcrConfidence":1.0,"Text":"Core™i7","VisualLineNumber":18},{"Box":[421.12,175.3697,22.161,9.96],"Polygon":[175.3697,421.12,197.5307,421.12,197.5307,431.08,175.3697,431.08],"IndexInText":294,"OcrConfidence":1.0,"Text":"16GB","VisualLineNumber":18},{"Box":[421.12,199.8314,20.3582,9.96],"Polygon":[199.8314,421.12,220.1896,421.12,220.1896,431.08,199.8314,431.08],"IndexInText":299,"OcrConfidence":1.0,"Text":"RAM","VisualLineNumber":18},{"Box":[433.36,92.544,27.0813,9.96],"Polygon":[92.544,433.36,119.6253,433.36,119.6253,443.32,92.544,443.32],"IndexInText":303,"OcrConfidence":1.0,"Text":"512GB","VisualLineNumber":20},{"Box":[433.36,121.9061,18.3164,9.96],"Polygon":[121.9061,433.36,140.2225,433.36,140.2225,443.32,121.9061,443.32],"IndexInText":309,"OcrConfidence":1.0,"Text":"SSD,","VisualLineNumber":20},{"Box":[433.36,142.4237,41.7722,9.96],"Polygon":[142.4237,433.36,184.1959,433.36,184.1959,443.32,142.4237,443.32],"IndexInText":314,"OcrConfidence":1.0,"Text":"keyboard,","VisualLineNumber":20},{"Box":[433.36,186.3971,33.8739,9.96],"Polygon":[186.3971,433.36,220.271,433.36,220.271,443.32,186.3971,443.32],"IndexInText":324,"OcrConfidence":1.0,"Text":"Adapter","VisualLineNumber":20}]}]},{"IndexInText":333,"Language":"swe","Length":8,"Rotation":"None","SkewAngle":0.0,"Type":"Paragraph","WordGroups":[{"IndexInText":333,"Length":8,"Type":"Other","Words":[{"Box":[451.36,136.82,19.9797,9.96],"Polygon":[136.82,451.36,156.7997,451.36,156.7997,461.32,136.82,461.32],"IndexInText":333,"OcrConfidence":1.0,"Text":"7.5%","VisualLineNumber":21},{"Box":[451.36,159.1005,16.8523,9.96],"Polygon":[159.1005,451.36,175.9528,451.36,175.9528,461.32,159.1005,461.32],"IndexInText":338,"OcrConfidence":1.0,"Text":"VAT","VisualLineNumber":21}]}]},{"IndexInText":343,"Language":"spa","Length":13,"Rotation":"None","SkewAngle":0.0,"Type":"Paragraph","WordGroups":[{"IndexInText":343,"Length":13,"Type":"Other","Words":[{"Box":[55.46,260.33,120.0,45.984],"Polygon":[260.33,55.46,380.33,55.46,380.33,101.444,260.33,101.444],"IndexInText":343,"OcrConfidence":1.0,"Text":"Sales","VisualLineNumber":0},{"Box":[55.46,393.79,177.6,45.984],"Polygon":[393.79,55.46,571.39,55.46,571.39,101.444,393.79,101.444],"IndexInText":349,"OcrConfidence":1.0,"Text":"Receipt","VisualLineNumber":0}]}]},{"IndexInText":358,"Language":"ron","Length":16,"Rotation":"None","SkewAngle":0.0,"Type":"Paragraph","WordGroups":[{"IndexInText":358,"Length":16,"Type":"Other","Words":[{"Box":[114.83,431.83,26.633,9.5417],"Polygon":[431.83,114.83,458.463,114.83,458.463,124.3717,431.83,124.3717],"IndexInText":358,"OcrConfidence":1.0,"Text":"Date:","VisualLineNumber":1},{"Box":[116.27,461.14,42.5873,7.7023],"Polygon":[461.14,116.27,503.7273,116.27,503.7273,123.9723,461.14,123.9723],"IndexInText":364,"OcrConfidence":1.0,"Text":"15-09-2022","VisualLineNumber":1}]}]},{"IndexInText":376,"Language":"por","Length":16,"Rotation":"None","SkewAngle":0.0,"Type":"Paragraph","WordGroups":[{"IndexInText":376,"Length":16,"Type":"Other","Words":[{"Box":[128.27,425.71,38.2165,9.5417],"Polygon":[425.71,128.27,463.9265,128.27,463.9265,137.8117,425.71,137.8117],"IndexInText":376,"OcrConfidence":1.0,"Text":"Receipt","VisualLineNumber":2},{"Box":[128.27,467.26,5.976,9.5417],"Polygon":[467.26,128.27,473.236,128.27,473.236,137.8117,467.26,137.8117],"IndexInText":384,"OcrConfidence":1.0,"Text":"#","VisualLineNumber":2},{"Box":[128.27,476.5,34.2576,9.5417],"Polygon":[476.5,128.27,510.7576,128.27,510.7576,137.8117,476.5,137.8117],"IndexInText":386,"OcrConfidence":1.0,"Text":"No.114","VisualLineNumber":2}]}]},{"IndexInText":394,"Language":"pol","Length":15,"Rotation":"None","SkewAngle":0.0,"Type":"Paragraph","WordGroups":[{"IndexInText":394,"Length":15,"Type":"Other","Words":[{"Box":[141.9512,422.47,89.9282,10.201],"Polygon":[422.47,141.9512,512.3982,141.9512,512.3982,152.1522,422.47,152.1522],"IndexInText":394,"OcrConfidence":1.0,"Text":"PO-PLC-31723-22","VisualLineNumber":3}]}]},{"IndexInText":411,"Language":"eng","Length":9,"Rotation":"None","SkewAngle":0.0,"Type":"Paragraph","WordGroups":[{"IndexInText":411,"Length":9,"Type":"Heading","Words":[{"Box":[295.7,280.13,32.2903,9.5417],"Polygon":[280.13,295.7,312.4203,295.7,312.4203,305.2417,280.13,305.2417],"IndexInText":411,"OcrConfidence":1.0,"Text":"Check","VisualLineNumber":10},{"Box":[295.7,315.2689,16.5834,9.5417],"Polygon":[315.2689,295.7,331.8523,295.7,331.8523,305.2417,315.2689,305.2417],"IndexInText":417,"OcrConfidence":1.0,"Text":"No.","VisualLineNumber":10}]}]},{"IndexInText":422,"Language":"ron","Length":10,"Rotation":"None","SkewAngle":0.0,"Type":"Paragraph","WordGroups":[{"IndexInText":422,"Length":10,"Type":"Heading","Words":[{"Box":[343.22,293.69,17.7288,9.5417],"Polygon":[293.69,343.22,311.4188,343.22,311.4188,352.7617,293.69,352.7617],"IndexInText":422,"OcrConfidence":1.0,"Text":"Unit","VisualLineNumber":11},{"Box":[343.22,314.2275,23.9638,9.5417],"Polygon":[314.2275,343.22,338.1913,343.22,338.1913,352.7617,314.2275,352.7617],"IndexInText":427,"OcrConfidence":1.0,"Text":"Price","VisualLineNumber":11}]}]},{"IndexInText":434,"Language":"tur","Length":25,"Rotation":"None","SkewAngle":0.0,"Type":"Paragraph","WordGroups":[{"IndexInText":434,"Length":25,"Type":"Other","Words":[{"Box":[366.86,289.25,53.2661,9.96],"Polygon":[289.25,366.86,342.5161,366.86,342.5161,376.82,289.25,376.82],"IndexInText":434,"OcrConfidence":1.0,"Text":"1,000,000.00","VisualLineNumber":13},{"Box":[396.98,289.25,53.2661,9.96],"Polygon":[289.25,396.98,342.5161,396.98,342.5161,406.94,289.25,406.94],"IndexInText":447,"OcrConfidence":1.0,"Text":"1,000,000.00","VisualLineNumber":16}]}]},{"IndexInText":461,"Language":"tur","Length":23,"Rotation":"None","SkewAngle":0.0,"Type":"Paragraph","WordGroups":[{"IndexInText":461,"Length":23,"Type":"Other","Words":[{"Box":[427.24,289.25,53.2661,9.96],"Polygon":[289.25,427.24,342.5161,427.24,342.5161,437.2,289.25,437.2],"IndexInText":461,"OcrConfidence":1.0,"Text":"1,000,000.00","VisualLineNumber":19},{"Box":[451.36,293.09,45.7064,9.96],"Polygon":[293.09,451.36,338.7964,451.36,338.7964,461.32,293.09,461.32],"IndexInText":474,"OcrConfidence":1.0,"Text":"225,000.00","VisualLineNumber":21}]}]},{"IndexInText":486,"Language":"und","Length":3,"Rotation":"None","SkewAngle":0.0,"Type":"Paragraph","WordGroups":[{"IndexInText":486,"Length":3,"Type":"Other","Words":[{"Box":[295.7,476.62,17.7288,9.5417],"Polygon":[476.62,295.7,494.3488,295.7,494.3488,305.2417,476.62,305.2417],"IndexInText":486,"OcrConfidence":1.0,"Text":"Job","VisualLineNumber":10}]}]},{"IndexInText":491,"Language":"eng","Length":12,"Rotation":"None","SkewAngle":0.0,"Type":"Paragraph","WordGroups":[{"IndexInText":491,"Length":12,"Type":"Other","Words":[{"Box":[343.22,415.63,41.4834,9.5417],"Polygon":[415.63,343.22,457.1134,343.22,457.1134,352.7617,415.63,352.7617],"IndexInText":491,"OcrConfidence":1.0,"Text":"Discount","VisualLineNumber":11},{"Box":[367.94,434.23,4.4542,7.7023],"Polygon":[434.23,367.94,438.6842,367.94,438.6842,375.6423,434.23,375.6423],"IndexInText":500,"OcrConfidence":1.0,"Text":"0","VisualLineNumber":13},{"Box":[398.06,434.23,4.4542,7.7023],"Polygon":[434.23,398.06,438.6842,398.06,438.6842,405.7623,434.23,405.7623],"IndexInText":502,"OcrConfidence":1.0,"Text":"0","VisualLineNumber":16}]}]},{"IndexInText":505,"Language":"eng","Length":10,"Rotation":"None","SkewAngle":0.0,"Type":"Paragraph","WordGroups":[{"IndexInText":505,"Length":10,"Type":"Other","Words":[{"Box":[343.22,506.26,19.1929,9.5417],"Polygon":[506.26,343.22,525.4529,343.22,525.4529,352.7617,506.26,352.7617],"IndexInText":505,"OcrConfidence":1.0,"Text":"Line","VisualLineNumber":11},{"Box":[343.22,528.2019,22.5395,9.5417],"Polygon":[528.2019,343.22,550.7414,343.22,550.7414,352.7617,528.2019,352.7617],"IndexInText":510,"OcrConfidence":1.0,"Text":"Total","VisualLineNumber":11}]}]},{"IndexInText":517,"Language":"tur","Length":25,"Rotation":"None","SkewAngle":0.0,"Type":"Paragraph","WordGroups":[{"IndexInText":517,"Length":25,"Type":"Other","Words":[{"Box":[366.86,501.94,53.2661,9.96],"Polygon":[501.94,366.86,555.2061,366.86,555.2061,376.82,501.94,376.82],"IndexInText":517,"OcrConfidence":1.0,"Text":"1,000,000.00","VisualLineNumber":13},{"Box":[396.98,501.94,53.2661,9.96],"Polygon":[501.94,396.98,555.2061,396.98,555.2061,406.94,501.94,406.94],"IndexInText":530,"OcrConfidence":1.0,"Text":"1,000,000.00","VisualLineNumber":16}]}]},{"IndexInText":544,"Language":"und","Length":1,"Rotation":"None","SkewAngle":0.0,"Type":"Paragraph","WordGroups":[{"IndexInText":544,"Length":1,"Type":"Other","Words":[{"Box":[428.32,434.23,4.4542,7.7023],"Polygon":[434.23,428.32,438.6842,428.32,438.6842,436.0223,434.23,436.0223],"IndexInText":544,"OcrConfidence":1.0,"Text":"0","VisualLineNumber":19}]}]},{"IndexInText":547,"Language":"und","Length":1,"Rotation":"None","SkewAngle":0.0,"Type":"Paragraph","WordGroups":[{"IndexInText":547,"Length":1,"Type":"Other","Words":[{"Box":[451.36,433.99,5.0497,9.96],"Polygon":[433.99,451.36,439.0397,451.36,439.0397,461.32,433.99,461.32],"IndexInText":547,"OcrConfidence":1.0,"Text":"0","VisualLineNumber":21}]}]},{"IndexInText":550,"Language":"tur","Length":23,"Rotation":"None","SkewAngle":0.0,"Type":"Paragraph","WordGroups":[{"IndexInText":550,"Length":23,"Type":"Other","Words":[{"Box":[427.24,501.94,53.2661,9.96],"Polygon":[501.94,427.24,555.2061,427.24,555.2061,437.2,501.94,437.2],"IndexInText":550,"OcrConfidence":1.0,"Text":"1,000,000.00","VisualLineNumber":19},{"Box":[451.36,505.66,45.7064,9.96],"Polygon":[505.66,451.36,551.3664,451.36,551.3664,461.32,505.66,461.32],"IndexInText":563,"OcrConfidence":1.0,"Text":"225,000.00","VisualLineNumber":21}]}]},{"IndexInText":575,"Language":"eng","Length":14,"Rotation":"None","SkewAngle":0.0,"Type":"Paragraph","WordGroups":[{"IndexInText":575,"Length":14,"Type":"Other","Words":[{"Box":[687.186,281.09,23.4757,9.5417],"Polygon":[281.09,687.186,304.5657,687.186,304.5657,696.7277,281.09,696.7277],"IndexInText":575,"OcrConfidence":1.0,"Text":"Total","VisualLineNumber":22},{"Box":[687.186,307.7928,42.8977,9.5417],"Polygon":[307.7928,687.186,350.6905,687.186,350.6905,696.7277,307.7928,696.7277],"IndexInText":581,"OcrConfidence":1.0,"Text":"Discount","VisualLineNumber":22}]}]},{"IndexInText":591,"Language":"spa","Length":42,"Rotation":"None","SkewAngle":0.0,"Type":"Paragraph","WordGroups":[{"IndexInText":591,"Length":42,"Type":"Other","Words":[{"Box":[706.386,416.11,40.6069,9.5417],"Polygon":[416.11,706.386,456.7169,706.386,456.7169,715.9277,416.11,715.9277],"IndexInText":591,"OcrConfidence":1.0,"Text":"Subtotal","VisualLineNumber":23},{"Box":[706.386,497.98,60.8891,9.5417],"Polygon":[497.98,706.386,558.8691,706.386,558.8691,715.9277,497.98,715.9277],"IndexInText":600,"OcrConfidence":1.0,"Text":"3,000,000.00","VisualLineNumber":23},{"Box":[725.706,413.47,25.8263,9.5417],"Polygon":[413.47,725.706,439.2963,725.706,439.2963,735.2477,413.47,735.2477],"IndexInText":613,"OcrConfidence":1.0,"Text":"Sales","VisualLineNumber":24},{"Box":[725.706,442.4536,16.7228,9.5417],"Polygon":[442.4536,725.706,459.1764,725.706,459.1764,735.2477,442.4536,735.2477],"IndexInText":619,"OcrConfidence":1.0,"Text":"Tax","VisualLineNumber":24},{"Box":[725.706,506.86,52.2325,9.5417],"Polygon":[506.86,725.706,559.0925,725.706,559.0925,735.2477,506.86,735.2477],"IndexInText":623,"OcrConfidence":1.0,"Text":"225,000.00","VisualLineNumber":24}]}]}],"ProcessingSource":"Pdf","IndexInText":0,"TextLength":633,"SkewAngle":0.0},{"PageIndex":1,"Size":[0.0,0.0,612.0,792.0],"Sections":[{"IndexInText":635,"Language":"tur","Length":12,"Rotation":"None","SkewAngle":0.0,"Type":"Paragraph","WordGroups":[{"IndexInText":635,"Length":12,"Type":"Other","Words":[{"Box":[42.21,497.98,60.9408,9.5417],"Polygon":[497.98,42.21,558.9208,42.21,558.9208,51.7517,497.98,51.7517],"IndexInText":635,"OcrConfidence":1.0,"Text":"3,225,000.00","VisualLineNumber":0}]}]},{"IndexInText":649,"Language":"nld","Length":5,"Rotation":"None","SkewAngle":0.0,"Type":"Paragraph","WordGroups":[{"IndexInText":649,"Length":5,"Type":"Other","Words":[{"Box":[47.13,424.63,23.4757,9.5417],"Polygon":[424.63,47.13,448.1057,47.13,448.1057,56.6717,424.63,56.6717],"IndexInText":649,"OcrConfidence":1.0,"Text":"Total","VisualLineNumber":1}]}]}],"ProcessingSource":"Pdf","IndexInText":635,"TextLength":19,"SkewAngle":0.0}]}