[{"DocumentKeywordVectors":[{"TotalDocumentLength":633,"PageCount":1,"FirstPageVector":{"VectorId":"OandoInvoices.FinanceDepartment.Invoice_1.FirstPage","DocumentCount":1,"TermsWithScores":[{"Score":0.86,"Term":"company","LastUpdated":"2022-09-28T02:12:20.1491198+01:00"},{"Score":0.82,"Term":"customer","LastUpdated":"2022-09-28T02:12:20.1491198+01:00"},{"Score":0.81,"Term":"thinkpad","LastUpdated":"2022-09-28T02:12:20.1491198+01:00"},{"Score":0.78,"Term":"ram","LastUpdated":"2022-09-28T02:12:20.1491198+01:00"},{"Score":0.77,"Term":"ssd","LastUpdated":"2022-09-28T02:12:20.1491198+01:00"},{"Score":0.77,"Term":"keyboard","LastUpdated":"2022-09-28T02:12:20.1491198+01:00"},{"Score":0.76,"Term":"adapter","LastUpdated":"2022-09-28T02:12:20.1491198+01:00"},{"Score":0.71,"Term":"qty","LastUpdated":"2022-09-28T02:12:20.1491198+01:00"},{"Score":0.71,"Term":"slogan","LastUpdated":"2022-09-28T02:12:20.1491198+01:00"},{"Score":0.69,"Term":"sold","LastUpdated":"2022-09-28T02:12:20.1491198+01:00"},{"Score":0.65,"Term":"address","LastUpdated":"2022-09-28T02:12:20.1491198+01:00"},{"Score":0.65,"Term":"street","LastUpdated":"2022-09-28T02:12:20.1491198+01:00"},{"Score":0.64,"Term":"city","LastUpdated":"2022-09-28T02:12:20.1491198+01:00"},{"Score":0.63,"Term":"zip","LastUpdated":"2022-09-28T02:12:20.1491198+01:00"},{"Score":0.63,"Term":"code","LastUpdated":"2022-09-28T02:12:20.1491198+01:00"},{"Score":0.62,"Term":"phone","LastUpdated":"2022-09-28T02:12:20.1491198+01:00"},{"Score":0.6,"Term":"payment","LastUpdated":"2022-09-28T02:12:20.1491198+01:00"},{"Score":0.59,"Term":"method","LastUpdated":"2022-09-28T02:12:20.1491198+01:00"},{"Score":0.58,"Term":"description","LastUpdated":"2022-09-28T02:12:20.1491198+01:00"},{"Score":0.5,"Term":"sales","LastUpdated":"2022-09-28T02:12:20.1491198+01:00"},{"Score":0.49,"Term":"receipt","LastUpdated":"2022-09-28T02:12:20.1491198+01:00"},{"Score":0.37,"Term":"vat","LastUpdated":"2022-09-28T02:12:20.1491198+01:00"},{"Score":0.34,"Term":"discount","LastUpdated":"2022-09-28T02:12:20.1491198+01:00"},{"Score":0.32,"Term":"total","LastUpdated":"2022-09-28T02:12:20.1491198+01:00"},{"Score":0.29,"Term":"check","LastUpdated":"2022-09-28T02:12:20.1491198+01:00"},{"Score":0.28,"Term":"unit","LastUpdated":"2022-09-28T02:12:20.1491198+01:00"},{"Score":0.27,"Term":"price","LastUpdated":"2022-09-28T02:12:20.1491198+01:00"},{"Score":0.21,"Term":"job","LastUpdated":"2022-09-28T02:12:20.1491198+01:00"},{"Score":0.1,"Term":"subtotal","LastUpdated":"2022-09-28T02:12:20.1491198+01:00"},{"Score":0.07,"Term":"tax","LastUpdated":"2022-09-28T02:12:20.1491198+01:00"}]},"ParentVectorId":"OandoInvoices.FinanceDepartment.Invoice","VectorId":"OandoInvoices.FinanceDepartment.Invoice_1","DocumentCount":1,"TermsWithScores":[{"Score":0.86,"Term":"company","LastUpdated":"2022-09-28T02:12:20.1491198+01:00"},{"Score":0.82,"Term":"customer","LastUpdated":"2022-09-28T02:12:20.1491198+01:00"},{"Score":0.81,"Term":"thinkpad","LastUpdated":"2022-09-28T02:12:20.1491198+01:00"},{"Score":0.78,"Term":"ram","LastUpdated":"2022-09-28T02:12:20.1491198+01:00"},{"Score":0.77,"Term":"ssd","LastUpdated":"2022-09-28T02:12:20.1491198+01:00"},{"Score":0.77,"Term":"keyboard","LastUpdated":"2022-09-28T02:12:20.1491198+01:00"},{"Score":0.76,"Term":"adapter","LastUpdated":"2022-09-28T02:12:20.1491198+01:00"},{"Score":0.71,"Term":"qty","LastUpdated":"2022-09-28T02:12:20.1491198+01:00"},{"Score":0.71,"Term":"slogan","LastUpdated":"2022-09-28T02:12:20.1491198+01:00"},{"Score":0.69,"Term":"sold","LastUpdated":"2022-09-28T02:12:20.1491198+01:00"},{"Score":0.65,"Term":"address","LastUpdated":"2022-09-28T02:12:20.1491198+01:00"},{"Score":0.65,"Term":"street","LastUpdated":"2022-09-28T02:12:20.1491198+01:00"},{"Score":0.64,"Term":"city","LastUpdated":"2022-09-28T02:12:20.1491198+01:00"},{"Score":0.63,"Term":"zip","LastUpdated":"2022-09-28T02:12:20.1491198+01:00"},{"Score":0.63,"Term":"code","LastUpdated":"2022-09-28T02:12:20.1491198+01:00"},{"Score":0.62,"Term":"phone","LastUpdated":"2022-09-28T02:12:20.1491198+01:00"},{"Score":0.6,"Term":"payment","LastUpdated":"2022-09-28T02:12:20.1491198+01:00"},{"Score":0.59,"Term":"method","LastUpdated":"2022-09-28T02:12:20.1491198+01:00"},{"Score":0.58,"Term":"description","LastUpdated":"2022-09-28T02:12:20.1491198+01:00"},{"Score":0.5,"Term":"sales","LastUpdated":"2022-09-28T02:12:20.1491198+01:00"},{"Score":0.49,"Term":"receipt","LastUpdated":"2022-09-28T02:12:20.1491198+01:00"},{"Score":0.37,"Term":"vat","LastUpdated":"2022-09-28T02:12:20.1491198+01:00"},{"Score":0.34,"Term":"discount","LastUpdated":"2022-09-28T02:12:20.1491198+01:00"},{"Score":0.32,"Term":"total","LastUpdated":"2022-09-28T02:12:20.1491198+01:00"},{"Score":0.29,"Term":"check","LastUpdated":"2022-09-28T02:12:20.1491198+01:00"},{"Score":0.28,"Term":"unit","LastUpdated":"2022-09-28T02:12:20.1491198+01:00"},{"Score":0.27,"Term":"price","LastUpdated":"2022-09-28T02:12:20.1491198+01:00"},{"Score":0.21,"Term":"job","LastUpdated":"2022-09-28T02:12:20.1491198+01:00"},{"Score":0.1,"Term":"subtotal","LastUpdated":"2022-09-28T02:12:20.1491198+01:00"},{"Score":0.07,"Term":"tax","LastUpdated":"2022-09-28T02:12:20.1491198+01:00"}]}],"TotalDocumentLength":633,"PageCount":1,"FirstPageVector":{"VectorId":"OandoInvoices.FinanceDepartment.Invoice.FirstPage","DocumentCount":1,"TermsWithScores":[{"Score":0.86,"Term":"company","LastUpdated":"2022-09-28T02:12:20.1321195+01:00"},{"Score":0.82,"Term":"customer","LastUpdated":"2022-09-28T02:12:20.1321195+01:00"},{"Score":0.81,"Term":"thinkpad","LastUpdated":"2022-09-28T02:12:20.1321195+01:00"},{"Score":0.78,"Term":"ram","LastUpdated":"2022-09-28T02:12:20.1321195+01:00"},{"Score":0.77,"Term":"ssd","LastUpdated":"2022-09-28T02:12:20.1321195+01:00"},{"Score":0.77,"Term":"keyboard","LastUpdated":"2022-09-28T02:12:20.1321195+01:00"},{"Score":0.76,"Term":"adapter","LastUpdated":"2022-09-28T02:12:20.1321195+01:00"},{"Score":0.71,"Term":"qty","LastUpdated":"2022-09-28T02:12:20.1321195+01:00"},{"Score":0.71,"Term":"slogan","LastUpdated":"2022-09-28T02:12:20.1321195+01:00"},{"Score":0.69,"Term":"sold","LastUpdated":"2022-09-28T02:12:20.1321195+01:00"},{"Score":0.65,"Term":"address","LastUpdated":"2022-09-28T02:12:20.1321195+01:00"},{"Score":0.65,"Term":"street","LastUpdated":"2022-09-28T02:12:20.1321195+01:00"},{"Score":0.64,"Term":"city","LastUpdated":"2022-09-28T02:12:20.1321195+01:00"},{"Score":0.63,"Term":"zip","LastUpdated":"2022-09-28T02:12:20.1321195+01:00"},{"Score":0.63,"Term":"code","LastUpdated":"2022-09-28T02:12:20.1321195+01:00"},{"Score":0.62,"Term":"phone","LastUpdated":"2022-09-28T02:12:20.1321195+01:00"},{"Score":0.6,"Term":"payment","LastUpdated":"2022-09-28T02:12:20.1321195+01:00"},{"Score":0.59,"Term":"method","LastUpdated":"2022-09-28T02:12:20.1321195+01:00"},{"Score":0.58,"Term":"description","LastUpdated":"2022-09-28T02:12:20.1321195+01:00"},{"Score":0.5,"Term":"sales","LastUpdated":"2022-09-28T02:12:20.1321195+01:00"},{"Score":0.49,"Term":"receipt","LastUpdated":"2022-09-28T02:12:20.1321195+01:00"},{"Score":0.37,"Term":"vat","LastUpdated":"2022-09-28T02:12:20.1321195+01:00"},{"Score":0.34,"Term":"discount","LastUpdated":"2022-09-28T02:12:20.1321195+01:00"},{"Score":0.32,"Term":"total","LastUpdated":"2022-09-28T02:12:20.1321195+01:00"},{"Score":0.29,"Term":"check","LastUpdated":"2022-09-28T02:12:20.1321195+01:00"},{"Score":0.28,"Term":"unit","LastUpdated":"2022-09-28T02:12:20.1321195+01:00"},{"Score":0.27,"Term":"price","LastUpdated":"2022-09-28T02:12:20.1321195+01:00"},{"Score":0.21,"Term":"job","LastUpdated":"2022-09-28T02:12:20.1321195+01:00"},{"Score":0.1,"Term":"subtotal","LastUpdated":"2022-09-28T02:12:20.1321195+01:00"},{"Score":0.07,"Term":"tax","LastUpdated":"2022-09-28T02:12:20.1321195+01:00"}]},"ParentVectorId":null,"VectorId":"OandoInvoices.FinanceDepartment.Invoice","DocumentCount":1,"TermsWithScores":[{"Score":0.86,"Term":"company","LastUpdated":"2022-09-28T02:12:20.1491198+01:00"},{"Score":0.82,"Term":"customer","LastUpdated":"2022-09-28T02:12:20.1491198+01:00"},{"Score":0.81,"Term":"thinkpad","LastUpdated":"2022-09-28T02:12:20.1491198+01:00"},{"Score":0.78,"Term":"ram","LastUpdated":"2022-09-28T02:12:20.1491198+01:00"},{"Score":0.77,"Term":"ssd","LastUpdated":"2022-09-28T02:12:20.1491198+01:00"},{"Score":0.77,"Term":"keyboard","LastUpdated":"2022-09-28T02:12:20.1491198+01:00"},{"Score":0.76,"Term":"adapter","LastUpdated":"2022-09-28T02:12:20.1491198+01:00"},{"Score":0.71,"Term":"qty","LastUpdated":"2022-09-28T02:12:20.1491198+01:00"},{"Score":0.71,"Term":"slogan","LastUpdated":"2022-09-28T02:12:20.1491198+01:00"},{"Score":0.69,"Term":"sold","LastUpdated":"2022-09-28T02:12:20.1491198+01:00"},{"Score":0.65,"Term":"address","LastUpdated":"2022-09-28T02:12:20.1491198+01:00"},{"Score":0.65,"Term":"street","LastUpdated":"2022-09-28T02:12:20.1491198+01:00"},{"Score":0.64,"Term":"city","LastUpdated":"2022-09-28T02:12:20.1491198+01:00"},{"Score":0.63,"Term":"zip","LastUpdated":"2022-09-28T02:12:20.1491198+01:00"},{"Score":0.63,"Term":"code","LastUpdated":"2022-09-28T02:12:20.1491198+01:00"},{"Score":0.62,"Term":"phone","LastUpdated":"2022-09-28T02:12:20.1491198+01:00"},{"Score":0.6,"Term":"payment","LastUpdated":"2022-09-28T02:12:20.1491198+01:00"},{"Score":0.59,"Term":"method","LastUpdated":"2022-09-28T02:12:20.1491198+01:00"},{"Score":0.58,"Term":"description","LastUpdated":"2022-09-28T02:12:20.1491198+01:00"},{"Score":0.5,"Term":"sales","LastUpdated":"2022-09-28T02:12:20.1491198+01:00"},{"Score":0.49,"Term":"receipt","LastUpdated":"2022-09-28T02:12:20.1491198+01:00"},{"Score":0.37,"Term":"vat","LastUpdated":"2022-09-28T02:12:20.1491198+01:00"},{"Score":0.34,"Term":"discount","LastUpdated":"2022-09-28T02:12:20.1491198+01:00"},{"Score":0.32,"Term":"total","LastUpdated":"2022-09-28T02:12:20.1491198+01:00"},{"Score":0.29,"Term":"check","LastUpdated":"2022-09-28T02:12:20.1491198+01:00"},{"Score":0.28,"Term":"unit","LastUpdated":"2022-09-28T02:12:20.1491198+01:00"},{"Score":0.27,"Term":"price","LastUpdated":"2022-09-28T02:12:20.1491198+01:00"},{"Score":0.21,"Term":"job","LastUpdated":"2022-09-28T02:12:20.1491198+01:00"},{"Score":0.1,"Term":"subtotal","LastUpdated":"2022-09-28T02:12:20.1491198+01:00"},{"Score":0.07,"Term":"tax","LastUpdated":"2022-09-28T02:12:20.1491198+01:00"}]}]
